"make_id","name"
"5265","4ever"
"6492","A2B"
"5454","A2pro"
"5095","AB"
"6231","Abarth"
"691","Abbate"
"5971","Abbriata"
"71","ABG"
"5380","Abi"
"5358","AB Inflatables"
"5338","Absolute"
"5539","Abus"
"6278","AC"
"5725","Accell Group"
"5080","Access"
"6289","Access Motor"
"72","Accord"
"695","Achambault"
"189","Ackermann"
"5811","Acma"
"3831","Acura"
"3892","Acxa"
"702","Adams"
"5096","Adiva"
"5075","Adler"
"5097","Adly"
"3850","Adria"
"5424","Adriatica"
"363","Adriatik"
"5209","Adventure"
"5537","AEG"
"5544","Aegean"
"6601","Aegeon"
"68","Aeon"
"6386","Aerotech"
"6108","Afoi-Tsikou"
"6354","Afsaridis Agro"
"5000","Agados"
"6355","Agama"
"6087","Agapi"
"73","Agco - Massey Ferguson"
"6290","AGM motors"
"688","Agria"
"3908","Agricolanocese"
"6107","Agricom"
"339","Agrimaster"
"6456","Agrimir"
"6230","Agriton"
"6117","Agroafsaridis"
"5806","Agrocat"
"5476","Agrofiera"
"6520","Agrokem"
"5063","Agrolux"
"6362","Agroma"
"6415","Agromag"
"674","Agromehanika"
"6524","AgroPaKo"
"6517","Agrosales"
"6249","AgroTarget"
"5703","Agrotika"
"5656","Agrotis"
"6367","Ahd"
"5376","Ahellas"
"75","Ahlmann"
"364","Ahorn"
"5788","Aicon"
"3902","Aie"
"5726","Airbike"
"5577","AirHull"
"6366","AirInside"
"6413","Airmann"
"5585","Airnimal"
"5148","Airon Marine"
"5441","Airship"
"67","Aixam"
"6044","AJP"
"5688","Akerman"
"722","Akhir"
"5727","Alan"
"739","Alfa"
"5958","Alfamarine"
"1","Alfa Romeo"
"5001","Algema"
"5588","Alibaba"
"3885","Alien"
"5675","Alke"
"675","Allgaier"
"761","Aloa"
"5064","Alpego"
"365","Alpha"
"2","Alpina"
"5525","Alunautic"
"784","Amazon"
"76","Amazone"
"789","American"
"6291","American Ironhorse"
"77","Ammann"
"5100","AMS"
"3912","Amstrong"
"5181","Anderson Racing"
"5635","Angeloni"
"6368","Angulo"
"78","Annaburger"
"5641","Annovi"
"5466","Ansmann"
"5177","Ansmann Racing"
"79","Anssems"
"6339","Antavoglou"
"5587","A-ok"
"6208","Apache"
"811","Apex"
"5451","Apokotos"
"5319","Apreamare"
"62","Aprilia"
"6360","Aquaglide"
"5803","Aqualum"
"824","Aquamar"
"5807","Aquarius"
"830","Aqua-Star"
"835","Ar"
"366","Arca"
"5547","Arctic"
"60","Arctic Cat"
"714","Argo-Hellas"
"6458","Argon"
"5070","Ariel"
"844","Arimar"
"6015","Armanni"
"5101","Armec"
"851","Arrow"
"857","Artigiana"
"348","Artison"
"5467","Art Tech"
"5322","Arvor"
"442","Asea"
"638","Asia Motors"
"861","Asie"
"5456","Asimonis"
"5136","Aspes"
"3864","Asso"
"5185","Associated"
"5569","Assos"
"864","Astondoa"
"3","Aston Martin"
"432","Astra"
"5877","Asus"
"5405","Atala"
"5833","Atala Shape"
"874","Atlantic"
"80","Atlas"
"6016","Atlet"
"5514","Atomic"
"5306","Attack"
"6461","Attitude"
"4","Audi"
"5802","Ausa"
"639","Austin Healey"
"5","Austin Morris"
"54","Austin Rover"
"5989","Author"
"3900","Autobianchi"
"611","Autoroller"
"612","Autostar"
"81","Auwärter"
"5713","Avalanche"
"6387","Avanti"
"6469","Avento"
"5939","Avenue"
"5578","Avon"
"5168","Axial"
"6238","Axis"
"6437","Axopar"
"6442","Axxis"
"885","Azimut"
"887","Aztec"
"5362","Azure"
"5320","Babelsberg"
"5305","Bachini"
"886","Baia"
"901","Baja"
"6397","Bajaj"
"6403","Bali"
"5276","Ballistic"
"5972","Bamfords"
"6505","Bandit"
"6017","Baoli"
"5146","Baotian"
"672","Bar"
"6216","Bargam"
"335","Baricelli"
"84","Barkas"
"52","Barossa"
"5853","Barracuda"
"85","Barthau"
"3867","Bashan"
"5728","Basso"
"5152","Bat"
"5729","Batavus"
"349","Baumann"
"931","Bavaria"
"367","Bavaria-camp"
"368","Bawemo"
"932","Bayliner"
"676","Bcs"
"86","Becker"
"6292","Beeline"
"5586","Beixo"
"6481","Bela"
"331","Belarus"
"87","Bell"
"431","Bellaz"
"5330","Beluga"
"88","Benalu"
"47","Benelli"
"965","Beneteau"
"450","Benford"
"369","Benimar"
"6589","Benotto"
"7","Bentley"
"6043","Beone"
"6562","Berardinucci"
"5285","Beretta"
"5072","Berger"
"89","Bergmann"
"90","Berkhof"
"994","Bertram"
"996","Bestway"
"46","Beta"
"5792","BH"
"5272","Bianchi"
"6369","Bic"
"5262","Biesse-Fox"
"6293","Big Dog Motorcycles"
"5856","Bigfoot"
"370","Bimobil"
"50","Bimota"
"5767","Birdy"
"5197","Birel"
"6223","Birel ART"
"5274","Bismarck"
"3819","Bitteli"
"5387","Bk"
"5471","Black Chivalry"
"5249","Blade"
"5512","Blizzard"
"5003","Blomenröhr"
"5004","Blomert"
"5208","Blucamp"
"6050","Blue"
"1024","Bluefin"
"5524","Blue-Spirit"
"5005","Blyss"
"5730","BMC"
"298","Bmw"
"5002","BNG"
"5722","Boardman"
"5137","Boatian"
"91","Bobcat"
"448","Bocker"
"92","Böckmann"
"5579","Bolton"
"93","Bomag"
"1040","Bombard"
"44","Bombardier"
"5071","Bomford"
"3839","Bonfiglioli"
"600","Boom-Trikes"
"94","Borco-Höhns"
"6449","Borghini"
"6600","Bosco"
"5192","Boss"
"5199","Boston-Whaler"
"5560","Bottecchia"
"95","Bova"
"6496","Bradco"
"5006","Branson"
"96","Brenderup"
"5007","Brian James"
"1081","Brig"
"640","Brilliance"
"6483","Brixton"
"5582","Brompton"
"97","Broshuis"
"6295","BRP"
"5731","Bruegelmann"
"6499","BrushHound"
"5077","Bsa"
"5337","Bsc"
"5170","BSD Racing"
"82","BT"
"41","Buell"
"372","Buerstner"
"641","Bugatti"
"6329","Buggy Motors"
"8","Buick"
"5290","Bullet"
"6440","Bullit"
"6040","Bulls"
"5222","Bultaco"
"98","Bunge"
"371","Burow"
"3851","Bürstner"
"6057","Burton Vapor"
"99","Busatis"
"6583","Buster"
"5987","Buyang"
"83","BvL - Van Lengerich"
"1113","Bwa"
"1116","Byliner"
"1124","Cabin"
"9","Cadillac"
"668","Caetano"
"40","Cagiva"
"6488","Caheeba"
"5566","Callegari"
"5232","Calmato"
"5685","Camber"
"373","Ca-mo-car"
"5415","Campion"
"6417","Canados"
"5102","CAN-AM"
"5352","Cannondale"
"5790","Cantieri di Sarnico"
"5732","Canyon"
"1149","Capelli"
"5573","Capello"
"5527","Cappo di mare"
"5848","Capriolo"
"3852","Carado"
"613","Caravelair"
"6003","Carhartt"
"1162","Caribe"
"5172","Carisma"
"5819","Carlotti Spring"
"5393","Carnaby"
"100","Carnehl"
"6030","Carnielli"
"3853","Caro"
"5787","Carolina Classic"
"101","Carraro"
"5645","Carrera"
"5167","Carson"
"375","Carthago"
"5103","Carver"
"6288","Casalini"
"5733","Casati"
"102","Case"
"103","CAT"
"642","Caterham"
"5315","Cayman"
"3887","Ccm"
"5088","Cectek"
"1206","Celebrity"
"6357","Celli"
"5694","Cembio"
"6271","Century"
"5692","Cervelo"
"5008","Cesab"
"5665","CFmoto"
"5946","Challenge"
"376","Challenger"
"5693","Champion"
"5138","Chang Jiang"
"1228","Chaparral"
"1229","Chapparal"
"6287","Chatenet"
"377","Chausson"
"6066","Checchi-Magli"
"5734","Checker Pig"
"3888","Cheetah"
"653","Chereau"
"643","Chery"
"5735","Chesini"
"104","Cheval Liberte"
"10","Chevrolet"
"5348","China-Motors"
"5498","Chisel"
"1252","Chriscraft"
"1253","Chris-Craft"
"11","Chrysler"
"5637","Cicoria"
"5205","Cifa"
"5786","Cigarette"
"378","Ci-International"
"5736","Cilo"
"5427","Cinelli"
"5737","Ciocc"
"6106","Cipollini"
"105","Citroen"
"106","Claas"
"107","Clark"
"5346","Clermont"
"6472","Clever"
"5674","Club Car"
"379","Coachmen"
"1290","Cobalt"
"1117","Cobia"
"13","Cobra"
"5738","Colnago"
"5638","Comag"
"6599","Comanche"
"351","Combilift"
"5278","Commander"
"5425","Commencal"
"1311","Compass"
"380","Concorde"
"5687","Continental"
"6074","Cooper Bikes"
"311","Copma"
"5793","Coppi"
"5861","Corallo"
"5828","Coronet"
"5279","Corratec"
"5353","Correct-craft"
"5824","Corvara"
"644","Corvette"
"5492","Cosa"
"5382","Cosalt"
"5857","Cosmic Princess"
"6248","Coverline-Marea"
"35","CPI"
"1367","Cranchi"
"1369","Cranchi-Italie"
"381","Cristall"
"5554","Cronus"
"5794","Cross"
"6019","Crown"
"1381","Crownline"
"1383","Cruisers-Yachts"
"5765","Crusader"
"382","Cs Reisemobile"
"5298","Cube"
"645","Dacia"
"31","Daelim"
"109","Daewoo"
"108","DAF"
"5339","Dafier"
"5581","Dahon"
"15","Daihatsu"
"1416","Dalla"
"5009","Daltec"
"671","Dautel"
"325","David-Brown"
"3882","Dayang"
"315","Daytona"
"1434","Dc"
"383","Dehler"
"5667","Del Morino"
"1467","Delta"
"5561","Dema"
"110","Demag"
"6068","De Masi"
"29","Derbi"
"6585","Derecktor"
"5847","De Rosa"
"5669","Dervisis-Bros"
"384","Dethleffs"
"16","DeTomaso"
"3825","Deutz"
"111","Deutz-Fahr"
"6568","Devron"
"687","Dexheimer"
"5941","Dhs"
"5268","Diamond"
"5846","Diamondback"
"3881","Dias"
"6448","Dimoudis"
"654","Dinkel"
"26","Dinli"
"5689","Dirt Motos"
"5010","Ditch Witch"
"5977","Diverib"
"24","Dkw"
"17","Dodge"
"112","Doll"
"1502","Dolphin"
"5955","Dominator"
"5962","Donzi"
"6020","Doosan"
"679","Doppstadt"
"1509","Doral"
"6002","Douglas"
"5303","Downhill"
"1518","Draco"
"5695","Drag"
"1519","Drago"
"6049","Dragon"
"5011","Dresser"
"113","Drögmöller"
"5968","Dromeys"
"5204","Dromor"
"6370","Drops"
"6286","DS"
"5963","D-Tec"
"20","Ducati"
"114","Dücker"
"385","Due Erre"
"5855","Dunlop"
"115","Düvelsdorf"
"5671","Dyna"
"5510","Dynamic"
"434","Dynapac"
"5505","Dynastar"
"3879","Eagle"
"5267","Eastman"
"5825","Eastway"
"5796","Easybikes"
"5260","Easykart"
"5104","E-ATV"
"5804","Ebak"
"116","Eberhardt"
"5546","Ebro"
"5948","Eclipse"
"5531","EcoBike"
"6595","Ecocar"
"5926","Eco Marine"
"6207","Ecomoving"
"5923","Eddy Merckx"
"5515","Edelwiser"
"5014","Eduard"
"5487","Efco"
"309","Efer"
"445","Effer"
"6443","EFGC"
"5740","Egon Rahe"
"5716","Ehline"
"117","Eicher"
"386","Eifelland"
"6516","Ekam-Liotakis"
"5509","Elan"
"5697","Electra"
"6262","Elgek"
"5331","Elios"
"387","Elnagh"
"6489"," Elxis"
"6101","Emanuel"
"6296","E-max"
"5081","Emb"
"6297","Emco"
"6578","Emilios"
"5107","EML"
"5435","Emw"
"1588","Endeavour"
"5932","Energy"
"5139","Enfield"
"5741","Enik"
"5012","EOS"
"6045","E-Power"
"388","Eriba"
"5233","E-Savage"
"6099","Escape"
"5661","Eska"
"5294","Esperia"
"614","Esterel"
"6244","Etesia"
"19","E-Ton"
"389","Euramobil"
"1611","Euro"
"390","Euro Liner"
"5528","Euromarine"
"5226","Euromotors"
"334","Europa"
"6411","Eurotec"
"5930","EuroTrailer"
"5593","Euro-Trailer"
"5721","Everest"
"5575","Evinrude"
"615","EVM"
"5013","EVO"
"118","EvoBus"
"5221","Evomoto"
"5479","Evripus"
"6371","Exocet"
"6298","Explorer"
"6078","Ezee"
"5677","EZ Go"
"5316","Faeton"
"119","Fahr"
"5090","Fairline"
"1674","Falcon"
"6046","Fanatic"
"6331","Fantini"
"6363","Farmgem"
"5483","Farmi Forest"
"680","Farmtrac"
"673","Fassi"
"1684","Fast"
"5683","Fatboy"
"120","Faun"
"5710","Favorit"
"5818","Faza"
"5485","Felco"
"121","Feldbinder"
"122","Fella"
"5712","Felt"
"123","Fendt"
"5015","Fermec"
"18","Ferrari"
"1697","Ferretti"
"308","Ferri"
"3891","Fever"
"616","FFB - Tabbert"
"5179","FG Modellsport"
"124","Fiat"
"1704","Fibre"
"5295","Fidusa"
"5529","Field"
"6337","Finnmaster"
"6412","Fintec"
"5280","Fiorelli"
"437","Fiori"
"1724","Fischer"
"5742","Fisher"
"6584","Fiskars"
"6285","Fisker"
"5016","Fitzel"
"6060","Fjord"
"391","Flair Niesmann Bischoff"
"392","Fleetwood"
"1739","Fletcher"
"125","Fliegl"
"6463","Flyer"
"6340","Fnm"
"5292","Focus"
"6077","Foffa"
"5993","Fondriest"
"6240","F-one"
"5715","Footbikes"
"5406","Force"
"5263","Force1"
"126","Ford"
"617","Ford - Reimo"
"5212","Formula"
"6471","Forster"
"127","Fortschritt"
"5365","Fost"
"5422","Fotopoulos"
"5318","Fountain"
"1771","Fourwins"
"6064","Frandent"
"393","Frankia"
"6396","FreeMove"
"5017","Freightliner"
"6334","Frejus"
"5408","Frera"
"6069","Frexoragri"
"338","Frk"
"618","FR-Mobil"
"128","Frost"
"129","Frühauf"
"5176","FTX"
"130","Fuchs"
"5436","Fuji"
"6465","Full Tilt"
"5851","Fun-Yak"
"131","Furukawa"
"5248","Futaba"
"5304","Futura"
"5409","Fuxin"
"5218","Fym"
"1805","G."
"6390","Gaastra"
"6284","GAC Gonow"
"5162","Gaia"
"6096","Galasport"
"1811","Galaxy"
"6031","Galeon"
"5482","Galfre"
"324","Gallignani"
"5198","Gamax"
"6445","Gardena"
"5190","Garelli"
"1818","Garin"
"301","Gas-Gas"
"132","Gaspardo"
"5630","Gator"
"5743","Gazelle"
"5805","Geely"
"357","Gehl"
"358","Gehlmax"
"6282","Gemballa"
"1826","Gemini"
"6444","Gemka"
"5341","Genata"
"6032","Gene"
"619","General Motors"
"133","General Trailer"
"4000","Generic"
"5707","Genesis"
"6327","Geniuss"
"6250","Geotrack"
"5933","Gepida"
"5572","Geringhoff"
"6269","Germatec"
"6453","G-force"
"6299","GG Motorradtechnik"
"5351","Ghost"
"6071","Giaccagliag"
"1837","Giant"
"6519","Giemme"
"12","Gilera"
"5257","Gillard"
"134","Ginaf"
"5744","Gios"
"6482","GiottiLine"
"5423","Gitane"
"6526","Gkaras"
"1866","Glastron"
"6237","Globber"
"620","GlobeCar"
"6467","Glücksmobil"
"21","Gmc"
"1873","Gobbi"
"5745","Goericke"
"6300","Goes"
"135","Goldhofer"
"5570","Goldoni"
"5832","Gomier"
"1879","Gommo"
"5991","Goricke"
"6321","Goupil"
"6325","GoXtreme"
"6374","Goya"
"297","Grader"
"5200","Grady White"
"5414","Grand"
"394","Granduca"
"6039","Gratia"
"5236","Graupner"
"1894","Great"
"6281","Grecav"
"3899","Greco Marine"
"1896","Greek"
"6041","Gregoire-Besson"
"5801","Greit"
"6515","Grillo"
"136","Grimme"
"662","Groenewegen"
"6500","Grouser"
"137","Grove"
"6258","Gruppo Mare"
"5287","GT"
"5746","Gudereit"
"681","Güldner"
"6268","Güleryüz"
"436","Gunite"
"342","Gutbrod"
"1915","Guy"
"5175","GV Models"
"5465","Gyro"
"6224","Haase"
"5945","Haibike"
"5019","Hako"
"5020","Halla"
"6280","Hamann"
"5300","Hamilton"
"138","Hamm"
"6206","Hammer"
"6014","Hangcha"
"3822","Hangler"
"139","Hanix"
"5326","Hannibal"
"140","Hanomag"
"5106","Haojin"
"655","Hapert"
"299","Harley Davidson"
"5215","Harlow"
"5286","Haro"
"3895","Hartford"
"5747","Hase"
"141","Hassia"
"6560","Haulotte"
"3818","Hbc radiomatic"
"5464","HBX"
"5686","Hdk"
"5503","Head"
"395","Hehn"
"5201","Heila"
"142","Heinemann"
"5862","Heinkel"
"396","Heku"
"6012","Heli"
"143","Hendricks"
"5472","Heng Long"
"304","Henra"
"5108","Herchee"
"295","Hercules"
"5392","Hergo"
"6301","Herkules"
"5966","Hero"
"5219","Hero Majestic"
"330","Hesston"
"5749","Hetchins"
"306","Hiab"
"5556","Hidea"
"689","Hieble"
"5109","Highland"
"5690","HighPer"
"5460","Himoto"
"317","Hinomoto"
"359","Hinowa"
"5250","Hirobo"
"144","Hitachi"
"5163","HoBao"
"397","Hobby"
"6402","Hobie Cat"
"145","Hoffmann"
"146","Holder"
"6001","Holiday"
"398","Holiday Rambler"
"147","Homar"
"22","Honda"
"5166","Hong Nor"
"6034","Honolulu"
"5082","Horex"
"2026","Horizon"
"6102","HotRod"
"6392","Hot Sails Maui"
"148","Howard"
"5186","HPI"
"5018","HRD"
"3854","HRZ"
"5461","Hsp"
"3886","Hsun"
"6235","Hudora"
"149","Hüffermann"
"150","Humbaur"
"23","Hummer"
"5720","Hunter"
"329","Hurlimann"
"5227","Hurrax"
"294","Husaberg"
"293","Husqvarna"
"5334","Hydra Sports"
"151","Hydrema"
"621","Hymer"
"292","Hyosung"
"6260","Hyperion"
"152","Hyster"
"5557","Hytsu"
"153","Hyundai"
"6022","Icem"
"5293","Ideal"
"6563","Ifestos"
"5023","Ifor Williams"
"5021","IHC"
"5022","IHI"
"660","Ikarus"
"6081","Ikon"
"6330","ILGI"
"2070","Ilver"
"5820","Ima.la Rocca"
"6254","ImeG"
"5477","Imola"
"5699","Impala"
"2074","Imperial"
"5798","Imr"
"670","Imt"
"439","Indeco"
"5990","Indian"
"6586","Indigo Marine"
"646","Infiniti"
"440","Ingersol-Rand"
"25","Innocenti"
"5985","Interbike"
"3817","Intermercato"
"318","International"
"659","Intrall"
"353","Irion"
"661","Irisbus"
"5385","Irm"
"5750","Iron Horse"
"154","Iseki"
"6514","Islabikes"
"155","Isuzu"
"5679","Italcar"
"291","Italjet"
"6083","Italtrike"
"5309","Iteco"
"156","Iveco"
"158","Iveco-Fiat"
"157","Iveco Magirus"
"5639","Izelmak"
"5156","Jacare"
"5025","Jacobsen"
"28","Jaguar"
"5448","Jamara"
"5835","Jamis"
"5089","Jawa"
"2139","J-Boats"
"159","JCB"
"5189","Jeanneau"
"27","Jeep"
"5863","Jensen Healey"
"5410","JetMoto"
"6435","JetSurf"
"336","Jf"
"3823","Jialing"
"647","Jiangling"
"5065","Jianshe"
"5555","Jilong"
"5110","Jincheng"
"5140","Jinlun"
"3884","Jla"
"5141","Jmstar"
"160","John Deere"
"6118","JohnPol"
"2174","Johnson"
"622","Joint"
"5153","Joker"
"5486","Jonsered"
"3893","Jonway"
"5748","Jopo"
"6212","Jouet"
"3838","Joyner"
"6375","JP Australia"
"5452","JQ-Products"
"5696","Jumpertrek"
"5024","JUNG Fahrzeugbau"
"162","Jungheinrich"
"161","Jung Homburg"
"5508","K2"
"3855","Kabe"
"5543","Kaercher"
"5026","Kaeser"
"6095","Kahoona"
"3901","Kaisar"
"5033","Kälble"
"5752","Kalkhoff"
"354","Kalmar"
"6416","Kanakas"
"6460","KaRace"
"3824","Karcher"
"2204","Karel"
"5500","Kariotakis"
"399","Karmann"
"2205","Karnic"
"6394","Ka Sail"
"5111","Kasea"
"163","Kässbohrer"
"5402","Kato"
"290","Kawasaki"
"5388","Kazuma"
"5646","Kcp"
"602","Keeway"
"6336","Keith"
"6341","Kellys"
"164","Kempf"
"5027","Kenworth"
"6343","Kesenci"
"5753","Kettler"
"5545","Kfr"
"5815","Khe"
"6062","Khs"
"165","Kia"
"5028","King Long"
"5343","Kingway"
"5344","Kingwell"
"5112","Kinroad"
"677","Kioti"
"3856","Kip"
"678","Kirovets"
"6000","Kitty"
"5066","KL"
"5029","Klagie"
"5754","Klein"
"5490","Kleine"
"5631","Kmc"
"5030","Knapen"
"400","Knaus"
"166","Kobelco"
"305","Koch"
"669","Kockums"
"6498","Kodiak"
"5755","Koga Miyata"
"167","Kögel"
"168","Komatsu"
"429","Komko"
"5594","Kona"
"6279","Königsegg"
"3911","Konstantinidis"
"5258","Kosmic"
"169","Kotschenreuther"
"5589","Koutsikos"
"6215","Koutsouras"
"2264","Kraaijer"
"170","Kramer"
"289","Kreidler"
"171","Kroeger"
"172","Krone"
"5976","Kronos"
"6093","Kross"
"5031","Krukenmeier"
"5633","Krukowiak"
"5032","Krupp"
"6303","KSR"
"288","KTM"
"6348","Kuberg"
"173","Kubota"
"321","Kuhn"
"6304","Kumpan"
"5756","Kuota"
"6097","KutlayMarine"
"341","Kverneland"
"5377","Kxd"
"3894","Kyb"
"287","Kymco"
"5165","Kyosho"
"5437","LA"
"30","Lada"
"441","Ladog"
"175","Lafaro"
"6023","Lafis"
"174","Lag"
"6203","Lagomatis"
"6404","Lagoon"
"402","Laika"
"5242","Lama"
"663","Lamberet"
"176","Lamborghini"
"5113","Lambretta"
"5927","Lambro Boat"
"5595","Lamusa"
"5558","Lancer"
"5542","LancerBoss"
"32","Lancia"
"177","Landini"
"33","Land Rover"
"178","Landsberg"
"3828","Landwind"
"5520","Lange"
"179","Langendorf"
"6361","LaNoria"
"180","Lansing"
"181","Lanz"
"5350","Lapierre"
"2289","Larson"
"2291","Laser"
"6247","Laski"
"401","La Strada"
"286","Laverda"
"5446","LawnBoss"
"5700","Leader"
"5073","Lechitrail"
"5817","Lee Cougan"
"5757","Legnano"
"182","Lely"
"5225","Lem"
"183","Lemken"
"5924","Leopard"
"5538","Lery Somer"
"6035","Lespo"
"6581","Le Tour de France"
"34","Lexus"
"184","Ley"
"6320","Leyland"
"2321","Liberty"
"428","Libra"
"185","Liebherr"
"3872","Lifan"
"186","Ligier"
"5632","Lilliston"
"36","Lincoln"
"187","Linde"
"5114","Lingben"
"3873","Linhai"
"5369","Lintex"
"6253","Lipa"
"5438","LiPo"
"6346","Lissmac"
"3905","Liu Gong"
"403","Lmc"
"5115","LML"
"6353","Lobster"
"6024","Loc"
"6395","Loft"
"3910","Logo"
"435","Lokomo"
"2351","Lomac"
"5541","Lombardini"
"5831","Lombardo"
"3890","Loncin"
"6441","Lorch"
"666","Lord"
"5171","Losi"
"37","Lotus"
"5459","Louisiane"
"5187","LRP"
"5349","LS"
"5034","Lück"
"5317","Luhrs"
"6305","Luxxon"
"5678","Lvtong"
"5116","Lynx"
"405","Ma-Bu"
"2379","Macgregor"
"5036","Mack"
"6521","Madara Agro"
"5191","Maestrale"
"188","Magirus Deutz"
"5960","Magnum"
"5224","Magnus"
"5037","Magyar"
"38","Mahindra"
"285","Maico"
"2394","Maiora"
"5784","Majesty"
"5497","MAK"
"5335","Mako"
"284","Malaguti"
"5445","Maletti"
"6400","Malibu"
"74","MAN"
"190","Manitou"
"6335","Mara"
"5255","Maranello"
"2419","Marco"
"2423","Mariah"
"5969","Marin Bikes"
"5574","Marinco"
"5359","Marine Diesel"
"6116","Marinello"
"2427","Mariner"
"3820","Marini"
"2428","Marino"
"5493","Marivag"
"6358","Markant"
"2431","Marlin"
"5067","Maro"
"5419","Marshall"
"5404","Marvel"
"5117","Masai"
"5640","Mascar"
"191","Maschio"
"39","Maserati"
"6306","Mash"
"5706","Masi"
"2442","Master"
"5323","Mastercraft"
"6217","Matermacc"
"5407","Matrix"
"2445","Mauric"
"5234","Maverick"
"5838","Maxim"
"5450","Maxpower"
"2454","Maxum"
"648","Maybach"
"192","Mazda"
"333","Mazzotti"
"5259","MBA"
"283","MBK"
"5426","MBM"
"193","McCormick"
"5173","MCD Racing"
"5823","McKenzie"
"6273","McLaren"
"406","Mc Louis"
"5118","MDL"
"2465","Mecgregor"
"6103","Megamo"
"6307","Megelli"
"194","Meiller"
"5038","Menci"
"195","Mengele"
"196","Mercedes-Benz"
"5718","Mercier"
"2475","Mercruiser"
"2476","Mercury"
"5266","Merida"
"5039","Merker"
"5759","Merlin"
"438","Merlo"
"5411","Metropolis"
"6408","Metso"
"5035","MF"
"42","Mg"
"197","Michigan"
"6274","Microcar"
"5723","Mifa"
"5849","Miheng"
"5328","Mikilon"
"407","Miller"
"43","Mini"
"5214","Minsk"
"3897","Mio"
"408","Mirage"
"6376","Mistral"
"198","Mitsubishi"
"6513","Miyata "
"5375","MKG"
"404","M+M Mobile"
"409","Mobilvetta"
"5812","Mobster"
"2516","Mocchi-Craft"
"2517","Mochi"
"313","Modenas"
"6079","Momodesign"
"623","Monaco"
"624","Moncayo"
"5836","Mondraker"
"5271","Mongoose"
"5119","Monnier-Honda"
"5495","Monosem"
"6054","Montabert"
"5583","Montague"
"5291","Montana"
"2533","Monteray"
"5324","Monterey"
"302","Montesa"
"6088","Monty"
"5717","Montz"
"3880","Monza"
"2544","Moonraker"
"5367","Moretti"
"45","Morgan"
"5188","Morini"
"5040","Morooka"
"5042","Möslein"
"2553","Mostro"
"3883","Motivas"
"5659","Motobecane"
"6308","Motobi"
"282","Moto Guzzi"
"5120","Motom"
"5396","Motomarine"
"6309","Moto Morini"
"5121","Motortek"
"6310","Motowell"
"6259","Moulas"
"5511","Movement"
"5041","Moxy"
"5496","Mpasdekis"
"5670","Mtg"
"5854","Muddyfox"
"199","Müller-Mitteltal"
"200","Multicar"
"3836","Multicat"
"6318","Multione"
"6518","Muratori"
"319","Murray"
"5473","Mustang"
"281","Mv Agusta"
"6239","Mystic"
"280","MZ"
"5159","Nadir"
"6058","Naish"
"6439","Nakamura"
"6432","Nakayama"
"6464","Nakxus"
"5839","Nanoo"
"2607","Nautica"
"5093","Nautica Cab Dorado"
"5368","Navigator"
"6246","Negri"
"201","Neoplan"
"5044","Neptun"
"5397","Neptune"
"5068","Neptun & Stema"
"3865","Neumeier"
"202","Neuson"
"3913","New Force Motor"
"203","New Holland"
"656","NFP-Eurotrailer"
"204","Niemeyer"
"625","Niesmann+Bischoff"
"5045","Niewiadów"
"5567","Nikitas"
"5313","Nimbus"
"5462","Ninco"
"5463","NincoAir"
"3903","Nipponia"
"5484","Nireus"
"5761","Nishiki"
"205","Nissan"
"6420","Nitro Motors"
"6474","NobelArt"
"6252","Nolan-Feeder"
"6232","Nomik"
"5046","Nooteboom"
"6410","Nordberg"
"5517","Nordica"
"626","Nordstar"
"682","Normag"
"2674","North"
"2677","Northland"
"6433","North Sails"
"5154","Northstar"
"5085","Norton"
"5970","Noton"
"3889","Nova"
"2688","Novamarine"
"5714","Novara"
"5442","Novarossi"
"5840","Novomar"
"6495","Novurania"
"5043","NPK"
"6559","NS"
"649","Nsu"
"5852","Nuffield"
"5332","NuovaJolly"
"6086","Nyami"
"207","Obermaier"
"5360","Oceania Boats"
"2702","Oceanic"
"5389","Odess"
"6104","Odessy"
"5947","Ofna"
"5458","O'hara"
"206","O & K"
"5653","Olmia"
"5762","Olmo"
"5094","Olsen"
"5866","Olympia"
"2716","Olympic"
"5481","Omas"
"6013","Omg"
"6414","Omig"
"5151","Ondina"
"2721","One"
"6311","Online"
"6251","Ontar"
"6450","Onza"
"208","Opel"
"5986","Orange"
"3857","Orangecamp"
"5299","Orbea"
"5814","Orbis"
"6455","Orcal"
"5275","Orient"
"5390","Orizon"
"627","Ormocar"
"657","Orten"
"209","Orthaus"
"6065","Ortiflor"
"5416","Otokar"
"2743","Outboards"
"6089","Oyama"
"6241","Ozone"
"5937","Pacific"
"5047","Pacton"
"210","Palfinger"
"5489","Palmer and Johnson"
"6037","Pannonia"
"5366","Panther"
"5931","Papadopoulos"
"5590","Papageorgiou"
"5789","Paragon"
"5398","Parsun "
"5956","Pashley"
"5196","Pasquali"
"6119","Pathfinder"
"3858","Paul & Paula"
"443","Paus"
"5571","Pedrotti"
"604","Pegasus"
"212","Pel-Job"
"5980","Pellenc"
"5384","Pemberton"
"5925","Performance"
"3826","Perkins"
"5206","Perlini"
"5434","Pershing"
"5048","Peterbilt"
"5549","Petkus"
"213","Peugeot"
"5049","Pezzaioli"
"279","Pgo"
"5974","Phantom"
"5701","Phillips"
"628","Phoenix"
"278","Piaggio"
"410","Pilote"
"5050","Pimespo"
"5704","Pinarello"
"5311","Planatech"
"6577","Planet X"
"5395","Plefsi"
"48","Plymouth"
"5371","PM"
"449","Poclain"
"6209","Pogiaridis"
"6509","Polar"
"277","Polaris"
"5122","Polini"
"6352","Ponero"
"5051","Pongratz"
"49","Pontiac"
"5940","Pony"
"214","Porsche"
"2862","Poseidon"
"2863","Posillipo"
"2864","Posillipo - Italie"
"3859","Pössl"
"5052","Potain"
"215","Pöttinger"
"5261","Power PCR"
"6028","Pramac"
"2888","Princess"
"6082","Probike"
"340","Projet"
"5959","Proline"
"5534","Promecam"
"6204","Promex"
"5764","Prophete"
"5361","Protector Ribs"
"5564","Proteus"
"51","Proton"
"276","Puch"
"5325","Pursuit"
"2922","Python"
"211","PZ-Vicon"
"5223","Qingqi"
"6312","Quadix"
"5799","Quadro"
"5123","Quantya"
"6380","Quatro"
"2929","Quicksilver"
"216","Rabe"
"3860","Raclet"
"5553","Radio"
"2931","Raffaelli"
"6494","Raftboat"
"5282","Raleigh"
"452","Rammax"
"5785","Rampage"
"6261","Rampalakos"
"2937","Ranger"
"6009","Range Rover"
"2939","Ranieri"
"3835","Ransome Faun"
"411","Rapido"
"5246","Raptor"
"5157","Rascala"
"217","Rau"
"218","Rauch"
"5533","Ravensburg"
"6084","Razor"
"5457","Reactor"
"5391","Realm"
"6342","Reckless"
"5247","Redwolf"
"3833","Reekie"
"219","Reformwerke Wels"
"2954","Regal"
"5124","Regal-Raptor"
"220","Regent"
"5651","Regina"
"2956","Reichel"
"412","Reimo"
"629","Reisemobile Beier"
"221","Renault"
"222","Renders"
"6098","Renegade"
"2964","Renken"
"6010","Repsol"
"223","Reuter"
"3841","Rewaco"
"3816","Rexroth"
"3878","Rhon"
"5333","Ribeye"
"3904","Ribster"
"5548","Ride Crush"
"5550","Ridgeback"
"5766","Ridley"
"5069","Rieju"
"5768","RIH"
"413","Rimor"
"2989","Rinker"
"2990","Rio"
"414","Riva"
"6313","Rivero"
"415","Riviera"
"5769","Rixe"
"630","RMB"
"6475","Roadcar"
"416","Roadtrek"
"5251","Robbe"
"631","Robel-Mobil"
"224","Robur"
"6430","Rocasanto"
"5430","RockMachine"
"417","Rockwood"
"5770","Rocky Mountain"
"6027","Rocla"
"3861","Roller Team"
"53","Rolls Royce"
"6120","Romet"
"5929","Rose"
"5421","Rossignol"
"5992","Rossin"
"5373","Rotavator"
"5254","Rotax"
"5666","Rotomec"
"5771","Rotwild"
"6","Rover"
"605","Royal Enfield"
"6381","RRD"
"5516","Rtc"
"6406","Rubble Master"
"5125","Rueegg"
"6512","Runner"
"5478","RVS"
"5526","Rvs-Simeakis"
"55","Saab"
"6038","Sab"
"275","Sachs"
"6326","Sacker Sport"
"5336","Sacs"
"5808","Safter"
"3057","Sail"
"6566","Sail Nomic"
"5521","Salice"
"5501","Salomon"
"5161","Salpa"
"3077","Salty"
"356","Sambron"
"225","Same"
"5711","Samoylov"
"5907","Samsung"
"5310","San Lorenzo"
"5283","Santa Cruz"
"650","Santana"
"5230","Sanwa"
"226","San Yang"
"6048","Saracen"
"5502","Sarapanis"
"243","Saris"
"6233","Sarissa"
"6579","Saronic"
"683","Sartrac"
"323","Satoh"
"3092","Saver"
"227","Scania"
"6523","Scanner"
"6090","Scapin"
"3103","Scarab"
"3104","Scarani"
"6011","Sch"
"228","Schaeff"
"5702","Schauff"
"664","Scheuerle"
"229","Schmidt"
"230","Schmitz"
"5180","Schumacher"
"231","Schwarzmüller"
"5934","Schwinn"
"5126","Scorpa"
"3122","Scorpion"
"5301","Scott"
"5354","Scout"
"632","Sea"
"5158","Seabird"
"6214","Sea Boss"
"3131","Seadoo"
"3132","Sea-Doo"
"5399","Seafighter Rib"
"5355","Sea Fox"
"3144","Sealine"
"3149","Seamaster"
"5374","Sea-Pro"
"5086","Sea quest"
"3155","Sea Ray"
"5420","Seastone"
"3162","Seaswirl"
"232","Seat"
"5841","Seawaveboats"
"3167","Seaway"
"5245","Sebart"
"5488","Seckam"
"5273","Sector"
"3175","See"
"3176","Seedoo"
"6588","Segway"
"5053","Seico"
"606","Seikel"
"633","Selbstbau"
"3181","Selva"
"6245","Sembdner"
"6338","Senator"
"5400","Sennebogen"
"6580","Seppi M"
"5439","Serpent"
"5314","Sessa"
"5054","Setra"
"233","Setra-Kaessbohrer"
"6036","Seven"
"6210","Shaktiman"
"6525","Shandong Liangzi"
"5394","Shan Yang"
"361","Shatal"
"3821","Shbalira"
"5379","Shelbox"
"5164","ShengQi"
"5440","Shepherd"
"5127","Sherco"
"322","Shibaura"
"3871","Shineray"
"5673","Shockblaze"
"6033","Shuanghuan"
"303","Siamoto"
"5055","Sichelschmidt"
"5128","Side-Bike"
"5540","Siemens"
"3218","Silver"
"5480","Silver Car"
"5859","Silver Fox"
"5228","Silverlit"
"5370","Silverstone"
"5418","Silverton"
"6502","Simex"
"6462","Simmer"
"5773","Simpel.ch"
"5774","Simplon"
"274","Simson"
"5307","Skentzos"
"5129","Ski-Doo"
"5194","Skipper-Bsk"
"56","Skoda"
"6399","Skretas"
"3834","Skyjet"
"5845","Skyline"
"5203","Skyteam"
"6504","SlingShot"
"634","Sloop"
"234","Sluis"
"57","Smart"
"607","SMC"
"5775","Softride"
"3869","Sokudo"
"5596","Sola"
"3832","Solemar"
"5091","Solex"
"5858","Solid"
"5983","Solis"
"235","Sommer"
"5429","Sonik"
"5074","Sonstige"
"6053","Soosan"
"5591","Sorogkas"
"5084","Sparta"
"3909","Specialcab"
"5270","Specialized"
"5244","Spectrum"
"3907","Spedo"
"3287","Speed"
"6587","Speedcar"
"5147","Speed Marine"
"5979","Speedwise"
"236","Spitzer"
"6438","Split"
"6576","Sport Fisher"
"5302","Sprint"
"6476","Sprite"
"6275","Spyker"
"58","SsangYong"
"5860","Stagmar"
"5709","Staiger"
"5130","Standard"
"6503","Stanley"
"3318","Star"
"6382","Starboard"
"665","Stas"
"5532","Stavropoulos"
"5975","Stealth"
"237","Stedele"
"6407","Steiger"
"238","Steinbock"
"658","Stema"
"6257","Steppenwolf"
"5178","Step Up"
"635","Sterckeman"
"5777","Stevens"
"239","Steyr"
"6236","Stiga"
"240","Still"
"5329","Stilmar"
"273","Stinger"
"3350","Stingher"
"3351","Stingray"
"5507","Stockli"
"5681","Stolzenberg"
"5296","Storck"
"6350","Storm"
"241","Strautmann"
"6076","Strida"
"6405","Striker"
"5357","Striper"
"5822","Stycle"
"6105","Styxx"
"59","Subaru"
"5821","Subsin"
"5830","Suburban"
"3378","Sun"
"5562","Sunelexe"
"636","Sunlight"
"6477","SunLiving"
"5964","Sunn"
"5378","Sun Roller"
"3388","Sunseeker"
"5551","Superior"
"608","Super Moto"
"242","Suzuki"
"6497","Sweepster"
"5131","Swissperformance"
"6265","Swm"
"5826","S-works"
"314","Sym"
"5241","Syma"
"307","Tabbert"
"6383","Tabou"
"5401","Tadano"
"5269","Tailwind"
"245","Takeuchi"
"61","Talbot"
"5184","Tamiya"
"5455","Tampanas"
"6061","Tamrock"
"6508","Targa"
"5684","Tarmac"
"5536","Tarnow"
"3830","Tata"
"6314","Tauris"
"5565","Tazzari"
"6270","TB Kart"
"3874","TCB"
"244","TCM"
"6324","Team Magic"
"5453","Team Orion"
"418","Tec"
"6276","Techart"
"5597","Technohull"
"5648","Technomarine"
"6434","Technometal"
"6466","Tecnica Cochise"
"5518","Tecnopro"
"6067","Tecnosac"
"6063","Tekna"
"5800","Tema"
"5935","Teman"
"6356","Temkal"
"5058","Temsa"
"5837","Tender"
"246","Terberg"
"337","Terex"
"6075","Tern"
"5634","Terrmacch"
"6277","Tesla"
"444","Teupen"
"5321","Texas"
"3875","Tgb"
"3840","Thermoking"
"5207","Therry"
"247","Thiel"
"3472","Thomas"
"6315","Thunderbike"
"5470","Thunderbird"
"5169","Thunder Tiger"
"451","Thwaites"
"3478","Tiara"
"5356","Tide Water"
"6384","Tiga"
"5345","Tiger"
"6522","Tiger Marine"
"419","Tischer"
"609","TM"
"6211","Tofinou"
"3488","Tohatsu"
"5795","Tomac"
"5676","Tomberlin"
"5779","Tommasini"
"6227","TonyKart"
"6575","Topaz"
"6401","Top Cat"
"5308","Topline"
"5342","Toptom"
"6582","Tornado"
"5644","Torpado"
"5444","Tortella"
"6365","Totem"
"6109","Tourlis"
"5719","Townie"
"248","Toyota"
"5056","TPV"
"63","Trabant"
"5057","Trailis"
"249","Trailor"
"5844","Trax"
"5182","Traxxas"
"5059","Trebbiner"
"5277","Trek"
"6506","Trencher"
"5797","Tretwerk"
"5243","T-Rex"
"5649","Trident"
"6478","Trigano"
"420","Triple"
"3862","Triple E"
"5076","Triton"
"64","Triumph"
"3532","Trojan"
"3534","Trophy"
"6234","Tropida"
"5363","Trubbiani"
"6218","Tsaousis"
"5654","Tsigris"
"5850","Turner"
"5981","Tutkun"
"65","TVR"
"3560","Twister"
"5364","Tym"
"5522","Tyrolia"
"651","Uaz"
"70","Ueec"
"5143","UM"
"5647","Umit Warriors"
"5092","Uniesse"
"5132","Unilli"
"250","Unimog"
"5412","Univega"
"5288","Universal"
"5060","Unsinn"
"427","Upright"
"3876","Ural"
"684","Ursus"
"5780","Utopia"
"685","Valmet"
"332","Valpadana"
"686","Valtra"
"5061","Van Eck"
"252","Vanhool"
"6073","Vanmoof"
"6479","VanTourer"
"6243","Vari"
"637","Vario"
"6213","Vatikamarine"
"66","Vauxhall"
"6564","VDL"
"5781","VeceSa"
"5680","Vectrix"
"5217","Vedim"
"5216","Vee Road"
"6422","Vega"
"6569","Vektor"
"5289","Velamos"
"6570","Velors"
"5592","Velosolex"
"446","Veniery"
"5174","Venom Racing"
"5144","Vento"
"5552","Verde"
"5062","Vermeer"
"5636","Verricello"
"272","Vespa"
"3625","Vetus"
"6409","Vibromax"
"6328","Vicem"
"3630","Victor"
"5079","Victoria"
"5078","Victory"
"5944","Vidal"
"3634","Viking"
"326","Vikon"
"5494","Viogem"
"6419","Viokal Kaltsogiannis"
"3643","Vip"
"3646","Vissher"
"5842","Vitus"
"6561","Viva Eco"
"6228","Vmoto"
"5504","Voelkl"
"253","Vogel&Noot"
"251","Volkswagen"
"6598","Volosmarine"
"5668","Volpi"
"254","Volvo"
"433","Vongele"
"3877","Vor"
"5256","Vortex"
"271","Voxan"
"430","Wabco"
"256","Wackenhut"
"257","Wacker"
"258","Wagner"
"5134","Wakan"
"6322","Walkera"
"5809","Walker Bay"
"5340","Wangye"
"69","Wartburg"
"3709","Watercraft"
"3700","Wave"
"6092","Wayel"
"259","Weber"
"5535","Webo"
"260","Weidemann"
"421","Weinsberg"
"422","Weippert"
"316","Welger"
"3711","Wellcraft"
"447","Weller"
"5843","West Coast Chopper"
"261","Westfalia"
"5705","Westfield"
"5284","Wethepeople"
"5491","Whaly"
"5816","Whyte"
"320","Wiegard"
"652","Wiesmann"
"5782","Wilier Triestina"
"423","Wilk"
"5381","Willerby"
"6219","Williams"
"3742","Wilson"
"5312","Windy"
"5135","Winking"
"424","Winnebago"
"3751","Winner"
"5724","Winora"
"262","Wirtgen"
"6385","WitchCraft"
"6229","WMI"
"255","WM Meyer"
"3863","Woelcke"
"5563","Wsbike"
"6591","Wsk"
"5133","W-Tec"
"6389","Wzzy"
"5443","Xbg"
"5447","Xceed"
"6507","Xcentric"
"3906","Xcmg"
"5428","Xgjao"
"6480","XGO"
"3868","Xingyue"
"5988","Xinling"
"5231","X-Ray"
"5834","X-Trail"
"5827","X-Treme"
"5155","X-Trim"
"6487","Yacht Master"
"3778","Yacthing"
"263","Yale"
"3780","Yam"
"362","Yamaguchi"
"270","Yamaha"
"264","Yanmar"
"5576","Yellowstone"
"6349","Yeti"
"3866","Ymc"
"5183","Yokomo"
"6042","Zamidis"
"3799","Zar"
"5642","Zenith"
"265","Zeppelin"
"5657","Zepro"
"6316","Zero"
"328","Zetor"
"266","Zettelmeyer"
"5943","Zeus"
"6592","Zhidou"
"5864","Zhno"
"610","ZhongYu"
"3896","Znen"
"3811","Zodiac"
"3870","Zongshen"
"6202","Zoom"
"5413","Zotye"
"269","Zuendapp"
"5783","Zullo"
"5145","Zundapp"
"327","Zweegers"
"0","Αλλο"
"6267","Νalbadis"
"5372","Τerra"
"6266","Χ-Μotors"
